path	bytes	accountNameHits	sha256_original	sha256_archived
archive/qa-audit-2.md	24981	0	ebc7e69c8938c6d1f4dcf83dc5ec0a68dd86557ab22b6cdf0a6abef20d5c6489	ebc7e69c8938c6d1f4dcf83dc5ec0a68dd86557ab22b6cdf0a6abef20d5c6489
archive/qa-audit-summary.md	6062	0	4b11f16b3a0221c08cafc44250bf9224abe6840f969496d0a68b5222be96664c	4b11f16b3a0221c08cafc44250bf9224abe6840f969496d0a68b5222be96664c
dist-release/RELEASE-NOTES-v0.4.0-final.md	6772	0	fc6f158d022b596611056a6c821f3fa6312697a5465d80a0d2d2ac7adba8941c	fc6f158d022b596611056a6c821f3fa6312697a5465d80a0d2d2ac7adba8941c
dist-release/RELEASE-NOTES-v0.4.0.md	5796	0	f2f6b71dcbb8d6885c58404130e472d5912af529f9415664f60834a4725e142a	f2f6b71dcbb8d6885c58404130e472d5912af529f9415664f60834a4725e142a
dist-release/RELEASE-NOTES-v0.4.1-rc.1.md	3400	0	c032c0a56d20f930771d6b7cdcc16dd9eff4d924cf82f63ddd2b6689b5c123dc	c032c0a56d20f930771d6b7cdcc16dd9eff4d924cf82f63ddd2b6689b5c123dc
dist-release/RELEASE-NOTES-v0.4.1.md	3313	0	fc45a383081404ef0bcc6209114e96b02df120f449edc6d3297c97818e654e9f	fc45a383081404ef0bcc6209114e96b02df120f449edc6d3297c97818e654e9f
dist-release/SHA256SUMS.txt	188	0	ff361d922bcc763785eaa2850418b89d2bc15fded9866173f055d90737e939b7	ff361d922bcc763785eaa2850418b89d2bc15fded9866173f055d90737e939b7
sandbox/README.md	1860	0	1d3277174c70173766d5e10aef9e6a2ae85aaa86fd6a7fef3891cdd2195aefef	1d3277174c70173766d5e10aef9e6a2ae85aaa86fd6a7fef3891cdd2195aefef
sandbox/build.log	12920	6	f0e64fbed2e89864f5f55f9fcf99523b9fa6a0527a58af8a837522ecf76301ec	44a93322110683f71947531789bfd60efe23dc5c2e79f15926b20241e6ab57ec
sandbox/build2.log	12753	6	e2bb7db7a9981e8934ae8e3af5fc512df1188f0b3160503eef608a51dc6d6d6e	305c9f8af0c575adaa664764ae5e86db523458cce5f325d972e0d26bdb6c5252
sandbox/card-size.log	605	0	6dddd74fb86cc59990fea3c89676f09abd6476422e404c21a6c80e7f0cf2c3da	6dddd74fb86cc59990fea3c89676f09abd6476422e404c21a6c80e7f0cf2c3da
sandbox/commit-msg.txt	2640	0	212df66379e33f505304e96b781ed693b6ddd5b050087580b83d32f22210a315	212df66379e33f505304e96b781ed693b6ddd5b050087580b83d32f22210a315
sandbox/commit-msg2.txt	1201	0	9c334f5fbb648f53ab1b0017336d9b512da68c49e0c7c5fdbc9a63c900b07f54	9c334f5fbb648f53ab1b0017336d9b512da68c49e0c7c5fdbc9a63c900b07f54
sandbox/e2e-probe.log	634	0	37a96ad001956b82614d16f623804e93d6168050e08aaa5610fb206edaddcd03	37a96ad001956b82614d16f623804e93d6168050e08aaa5610fb206edaddcd03
sandbox/e2e-safemode-t6.log	928	0	8ac0b475e0729080823731d560bc5107e57d41c1ac7a0ebcfb37faa61ba43077	8ac0b475e0729080823731d560bc5107e57d41c1ac7a0ebcfb37faa61ba43077
sandbox/e2e-safemode-t6b.log	3920	2	29799ac8769c6ae4659ede148fecb1875d8e1254bcb0fe24b8d40255d316f1b1	674d614fa88b7132502b26913966537c8e348533412269bc0f53eea9c618da16
sandbox/e2e-safemode.log	3813	2	481a77a19838c7289522f01b7d8c24c32822fea85b6bf0379b3d637497f7c878	95eff736616db293252148cd3afce35440097b3db518db07124b2ad87ca5b905
sandbox/ime-repro/README.md	2232	0	422f31afae721a3dad497371dc20d479efeefa3c264673d5d97e2db1d4ae7580	422f31afae721a3dad497371dc20d479efeefa3c264673d5d97e2db1d4ae7580
sandbox/issue-verify/CHANGELOG-with-ci-notes.md	149929	0	ad85e2b592596360e10fc480fb95444621c70ec73ece40641b720354cef74ece	ad85e2b592596360e10fc480fb95444621c70ec73ece40641b720354cef74ece
sandbox/issue-verify/T1.log	1557	1	77bb7049637d40d6339f1a0ee79aa858e274d719266749a621bb8ec928199d79	ab4741650fec7a0b55b3fd01876adb42bea5c5f5728bbdaffe23f9251fb0b6b7
sandbox/issue-verify/T10.log	986	3	8b41e341f9c01638cce2669b07c07f4c839b3d0d16a4843ade6792b428a9b5ae	99626fc6b9e36e667af9e810400dd26d0db4e00e2277a17bcb4ee73b6e047b7a
sandbox/issue-verify/T11.log	1065	0	e4139ed5ce662f99e3b8fe74b6efd1d53850ed21783df9262182686e88e17d88	e4139ed5ce662f99e3b8fe74b6efd1d53850ed21783df9262182686e88e17d88
sandbox/issue-verify/T11b.log	280	0	b083d7b14d348ca7838e0a3d18cf06be49ccc5e9bb58b745a2655587238c78d7	b083d7b14d348ca7838e0a3d18cf06be49ccc5e9bb58b745a2655587238c78d7
sandbox/issue-verify/T11c.log	280	0	ada2635dd4ae5e6d5eac591e9c763e5faee761bf1c76e6c30ab1acd60a0d6f67	ada2635dd4ae5e6d5eac591e9c763e5faee761bf1c76e6c30ab1acd60a0d6f67
sandbox/issue-verify/T11d.log	281	0	eb9af973d835797bdd3cfd5e88a7c3603676e1a200ecd9c3dcba86f12a55eae2	eb9af973d835797bdd3cfd5e88a7c3603676e1a200ecd9c3dcba86f12a55eae2
sandbox/issue-verify/T11e.log	775	0	4530f37b8de4d03afa041bb721b550e3ef900b67bd064e43e7686eed3e01b0bb	4530f37b8de4d03afa041bb721b550e3ef900b67bd064e43e7686eed3e01b0bb
sandbox/issue-verify/T11f.log	812	0	459ab1a6bedc821dcb2aac96d404c532cf06af32a22dcd9a46db2b909ebb7d8f	459ab1a6bedc821dcb2aac96d404c532cf06af32a22dcd9a46db2b909ebb7d8f
sandbox/issue-verify/T11g.log	1495	0	7b1738cbeef17db4badc0b18a3711010c9f91a62667f39392c454deed65422c9	7b1738cbeef17db4badc0b18a3711010c9f91a62667f39392c454deed65422c9
sandbox/issue-verify/T2.log	2667	0	829876d412cb62d7b259cd09749d0372aaa2d5cf94e01fb72c36348c4f6e7d30	829876d412cb62d7b259cd09749d0372aaa2d5cf94e01fb72c36348c4f6e7d30
sandbox/issue-verify/T3.log	4311	0	a77fd1a2d89049856af104a042ca1df92e75c45a998fe31e6cde279e79374d06	a77fd1a2d89049856af104a042ca1df92e75c45a998fe31e6cde279e79374d06
sandbox/issue-verify/T3R.log	3937	2	aaa518eca8a185d3f96558b7d86d51284132cdc8c6c4ebd14e8dc8f339acc284	039f1af0ed9ac2be633b423f1ece588dcca3a3539f648b8d7afe4d4f0961a78b
sandbox/issue-verify/T3R2.log	3273	0	8d71a915f4cd9e83644dac10b4e2cb4bf96f4725c2d4f1a5ad2a6fa4af99f404	8d71a915f4cd9e83644dac10b4e2cb4bf96f4725c2d4f1a5ad2a6fa4af99f404
sandbox/issue-verify/T4.log	1930	0	65ba7e1eeebbd015939c7825cb5fc6398b1eb8b08ff028c700c22824c5ae9ef5	65ba7e1eeebbd015939c7825cb5fc6398b1eb8b08ff028c700c22824c5ae9ef5
sandbox/issue-verify/T567.log	2920	2	9d7891800cb3c9d6db3dd0b02b369dde99fae47833f7961e5a0c4024584ded81	9f9e25d36c04bb0681898b364c237fe9bae4e4331872e359b1438e5ddbfb2c13
sandbox/issue-verify/T8.log	710	0	cafa7920135714b2d27cf66da901a50ef45071a1ed6708635c8c8dc21be0acac	cafa7920135714b2d27cf66da901a50ef45071a1ed6708635c8c8dc21be0acac
sandbox/issue-verify/T9.log	1306	0	4fa6d0c923b68d71c225fde8831e8acd9edbbf8b329bd0b615b7153fdb46f1be	4fa6d0c923b68d71c225fde8831e8acd9edbbf8b329bd0b615b7153fdb46f1be
sandbox/issue-verify/T9b.log	738	0	313dbebda89a1d6610ffbb8b5fb5cab8580fab91ace225b51ee8fc3add4eb3c2	313dbebda89a1d6610ffbb8b5fb5cab8580fab91ace225b51ee8fc3add4eb3c2
sandbox/issue-verify/T9c.log	1468	0	8467a31beac5ccb6fa7ae794e002a1512457577c00491396a1040d17b45979d1	8467a31beac5ccb6fa7ae794e002a1512457577c00491396a1040d17b45979d1
sandbox/issue-verify/T9dump.log	1729	0	fdeb98b83bbe91f45797a30e9cb7dbde11d8ebb828806253651b8320234a50d2	fdeb98b83bbe91f45797a30e9cb7dbde11d8ebb828806253651b8320234a50d2
sandbox/issue-verify/body-050.md	55483	0	5878d6b5b80642f7c99e430860d9cbe14dab98afaaec38b9ddb5bdaa42813c99	5878d6b5b80642f7c99e430860d9cbe14dab98afaaec38b9ddb5bdaa42813c99
sandbox/issue-verify/body-051.md	4053	0	0e81f7859f49ba7e93e328ff413e6f902e8e7e9a7811fcc7b8978de3c23f6acf	0e81f7859f49ba7e93e328ff413e6f902e8e7e9a7811fcc7b8978de3c23f6acf
sandbox/issue-verify/capture-titlebar.ps1	1625	0	0eb2c268e75ead3f8c1b2122f3d5743b1539115ff16847d475a5c8360c2c7513	0eb2c268e75ead3f8c1b2122f3d5743b1539115ff16847d475a5c8360c2c7513
sandbox/issue-verify/card-clean.log	15099	6	44e7836337dfc65fed311aff08a9a679765218d4d3cf6d8a48bddbdf1c7ac903	1eb395da47ae7e62abaf7260234458180e4644324e44d72c77c243039da9b8c2
sandbox/issue-verify/card-hit.log	22039	6	512a2772aa084b7c5b594e42bd927c3be9df86f4e75423c541727d2cd4ad4296	f57a7267503b8a4686802aab4f86aacd63ae0cace05240bfd2b74bea19919dd5
sandbox/issue-verify/card-hit2.log	24060	6	e57c045ae94479e7acdb6a050428469cfa6b16c547d73984ffa526b5cb9a61b0	585c94a9c2b029d3c0358f60e6997d8b388106db81040d6918a725ffa27f21e8
sandbox/issue-verify/card-mut.log	11385	6	fdd2ef91e16bd3b9743039082c58d711fb76c541de414fa3c840c5db671e0ef0	1461b759c65267158b94aeac3cbd40168fef878e684ffcfe44b2dd2a7aa324ad
sandbox/issue-verify/card-mutB.log	10947	6	850aad5f5b84812b5d3a49ed73bd5f055ca98f319ad5ef685b1d09ea2c9bd5e0	1bb0d04ac1b9fc6073fec97215e65e125ede0da6b1ff1b86ca2240fdc1b76230
sandbox/issue-verify/card-mutB2.log	22904	6	5a4d55d009a41a6cad263f7e1fee70c338f6ffb2265dd1facf164968b877364a	858eb21143fa691562a46e19072dd22ac368daf7d87749584f3a17a9b60638a8
sandbox/issue-verify/check-syntax.ps1	716	0	344a86b208379974fbf4946fb8bd099aecf7fcf4c40bd543574203e9efa1321d	344a86b208379974fbf4946fb8bd099aecf7fcf4c40bd543574203e9efa1321d
sandbox/issue-verify/check-update.ps1	1015	0	349b7850beccc09e377b00e7ee4d1aba3a9cf5f5af119996b173371dc770795e	349b7850beccc09e377b00e7ee4d1aba3a9cf5f5af119996b173371dc770795e
sandbox/issue-verify/ci-aot-verify.log	7996	0	8c14e68fc46b70c109478143ac095b6b5d87d290a8d306aa68b69143730ca6d4	8c14e68fc46b70c109478143ac095b6b5d87d290a8d306aa68b69143730ca6d4
sandbox/issue-verify/ci-aot-verify2.log	7793	0	c57b61e8bdaf1e95d7f8b5ebd06b23ecd46f442460b6730c0467953334f10b3d	c57b61e8bdaf1e95d7f8b5ebd06b23ecd46f442460b6730c0467953334f10b3d
sandbox/issue-verify/ci-master-after-ci-fix.log	1677	0	ed11c13ea00984193d45112e31c8886194bca88d10a8d87f6139a1bc8cd345fa	ed11c13ea00984193d45112e31c8886194bca88d10a8d87f6139a1bc8cd345fa
sandbox/issue-verify/ci-v050-b.log	4195	0	7d8cdc482605cd175496e015d1dc2d2b4aa20d8d07fb202402af0464e8b1806b	7d8cdc482605cd175496e015d1dc2d2b4aa20d8d07fb202402af0464e8b1806b
sandbox/issue-verify/ci-v050-dispatch.log	12799	0	dc2311b219d470321f21f7b77e9f92c85b53c908da3840d110c676826ba41877	dc2311b219d470321f21f7b77e9f92c85b53c908da3840d110c676826ba41877
sandbox/issue-verify/ci-v050.log	1661	0	c1b2bf34b4728824e620ad38523641451c78ac2381c918d0bd2a8e8aeeb87e65	c1b2bf34b4728824e620ad38523641451c78ac2381c918d0bd2a8e8aeeb87e65
sandbox/issue-verify/ci-v051.log	11922	0	b9a482b01a1a6948f096e6df403ce89afad01a86738a1b7408dbaa6f864fe743	b9a482b01a1a6948f096e6df403ce89afad01a86738a1b7408dbaa6f864fe743
sandbox/issue-verify/click-dlg.ps1	4693	0	f5cf3e47661e3bf4c6913050c16594395e7fbc8621225563d49123c75a7d787e	f5cf3e47661e3bf4c6913050c16594395e7fbc8621225563d49123c75a7d787e
sandbox/issue-verify/commit-msg-aot.txt	950	0	81f77ee1e383d63e23b4a27f8fbd4181ec87737705c120e406813e4d5517d1d8	81f77ee1e383d63e23b4a27f8fbd4181ec87737705c120e406813e4d5517d1d8
sandbox/issue-verify/commit-msg-buttons.txt	1970	0	19b99097722f654f92e91e990008149de1c32e7ef2784870b1f1e999cb6aafdf	19b99097722f654f92e91e990008149de1c32e7ef2784870b1f1e999cb6aafdf
sandbox/issue-verify/commit-msg-ci.txt	2309	0	8d0c29e3295cc5e70832300e5f0b18bab42a4b1fc6dd499999837db0c782716e	8d0c29e3295cc5e70832300e5f0b18bab42a4b1fc6dd499999837db0c782716e
sandbox/issue-verify/commit-msg-installer.txt	2900	0	77c81ebad77566a6720639a49af89913d36d1b0172d124d9cb079f2ab6997150	77c81ebad77566a6720639a49af89913d36d1b0172d124d9cb079f2ab6997150
sandbox/issue-verify/commit-msg-no.txt	1519	0	01c8eafb1506947fa3e3d17b134e4f39c56041c9f6510b34a3695f5c1848be7e	01c8eafb1506947fa3e3d17b134e4f39c56041c9f6510b34a3695f5c1848be7e
sandbox/issue-verify/contrib-widget.txt	1720	0	c6e1e777081855397007117b58db7462f7deed10657e555c908f766bf2186751	c6e1e777081855397007117b58db7462f7deed10657e555c908f766bf2186751
sandbox/issue-verify/control-run-console.txt	477	0	d67ff28751fba97317e7226dfafd6a9100b9bffd274253a098c555912df71974	d67ff28751fba97317e7226dfafd6a9100b9bffd274253a098c555912df71974
sandbox/issue-verify/crop.ps1	1669	0	010d015a332735e329715a499b788d0f50f78d75b374fd99035f82f025bc4eb6	010d015a332735e329715a499b788d0f50f78d75b374fd99035f82f025bc4eb6
sandbox/issue-verify/d-cancel2.txt	132	0	aa180c8768d915f3a3a0b4e76d691ca28a7b9dd1c2d50b83de3d90ff06958227	aa180c8768d915f3a3a0b4e76d691ca28a7b9dd1c2d50b83de3d90ff06958227
sandbox/issue-verify/d-no2.txt	129	0	9f2b4a31c4b8d698418f5d0201135dbbceb7e2113ed6af83738dfaf082a422c0	9f2b4a31c4b8d698418f5d0201135dbbceb7e2113ed6af83738dfaf082a422c0
sandbox/issue-verify/demo-T14.log	5331	10	7daf8f7a8f61f173843ab4b8c746c3c87e470f1fbc298f6ee8f676a6379d5bad	4677544953e9a16dcef85a2ac8a145c6cd33763deec05ece74aee5788a112366
sandbox/issue-verify/demo-T14b.log	550	0	dc9e1863f6080bdc9aa19c26a794d3f6204bb6409783550945066958ce6b1d2c	dc9e1863f6080bdc9aa19c26a794d3f6204bb6409783550945066958ce6b1d2c
sandbox/issue-verify/demo-T14c.log	3762	0	55517762adcca051b40b4f1a96131ac77d4dbaa2ae71dbeb9ff2cfde7b81bc5c	55517762adcca051b40b4f1a96131ac77d4dbaa2ae71dbeb9ff2cfde7b81bc5c
sandbox/issue-verify/demo-T14d.log	3757	0	8cf4a4d7396994a395708609d7dd5ede3fcbf084ba419b5b96f6d3241eebeab7	8cf4a4d7396994a395708609d7dd5ede3fcbf084ba419b5b96f6d3241eebeab7
sandbox/issue-verify/demo-T14e.log	7617	3	1de8bce11f505ef88c7920f3405fb887f4e65eeb5b2487899e94d0935471b091	20fe5ba3d9f7d24378345b73e22935994c83e244cdb26dccef2213beb5ba1747
sandbox/issue-verify/demo-T14f.log	3745	0	54a6fe3c07f26d79b42ac5b4bc064e7838233ec56328fe91bd54d86ed16ca5e1	54a6fe3c07f26d79b42ac5b4bc064e7838233ec56328fe91bd54d86ed16ca5e1
sandbox/issue-verify/demo-T14g.log	3802	0	fb7b6d367d0ee30d8b33c181ede6086807bad7a7d0254a01bf06c9cc667a732e	fb7b6d367d0ee30d8b33c181ede6086807bad7a7d0254a01bf06c9cc667a732e
sandbox/issue-verify/demo-T15.log	6770	18	18e1ee030e52b702a5b8dffa9d0bb57687e58d9501a24eab2712c157bcf3005b	5c837756109162ce8fc6e712452750b45142425ff71d2c93682bd27de3273c9d
sandbox/issue-verify/demo-T15b.log	2498	0	6b2f6f5e3db56f4a9192b9c614903b861fcb7c3891b06d27ad44ca39f6994094	6b2f6f5e3db56f4a9192b9c614903b861fcb7c3891b06d27ad44ca39f6994094
sandbox/issue-verify/demo-T15c.log	2124	0	be2512c91597a322afce209002e409599ba14ceefd713f2811db1fd718d50ca2	be2512c91597a322afce209002e409599ba14ceefd713f2811db1fd718d50ca2
sandbox/issue-verify/demo-T15d.log	1735	0	f502edb81a1b10a8ff6ec6d9bb799127d5e4e2f948df45df369aa809ff80d78d	f502edb81a1b10a8ff6ec6d9bb799127d5e4e2f948df45df369aa809ff80d78d
sandbox/issue-verify/demo-T15e.log	1666	0	0472d45149005c28d9e6146a6ff4ce580b509126e75c82f7ce1426ed293c2614	0472d45149005c28d9e6146a6ff4ce580b509126e75c82f7ce1426ed293c2614
sandbox/issue-verify/demo-T15f.log	1934	0	29fc1e66777bf3e9fac89730dfb00f0a58e883c076d8a793e86d5639a8849fd5	29fc1e66777bf3e9fac89730dfb00f0a58e883c076d8a793e86d5639a8849fd5
sandbox/issue-verify/demo-T15g.log	2323	0	4708ae3d05879a5ac696c25dbfc1a42d32b4832696ca464432ef4dd921423075	4708ae3d05879a5ac696c25dbfc1a42d32b4832696ca464432ef4dd921423075
sandbox/issue-verify/demo-T3R.log	3477	0	9a639c616f6436b737a4d6efdee82515a8004bbe0ffcd99e5386103f0edf66fd	9a639c616f6436b737a4d6efdee82515a8004bbe0ffcd99e5386103f0edf66fd
sandbox/issue-verify/demo-after.ps1	2665	0	2d2361867e1ca1bcca334035ea1d9d69a2f00becec5d2b268dfba47d33824f86	2d2361867e1ca1bcca334035ea1d9d69a2f00becec5d2b268dfba47d33824f86
sandbox/issue-verify/diag-now.ps1	3020	0	3a81c2894f8830ddb9e05d637e879056e4d1079d49aa761ee5001f188416f236	3a81c2894f8830ddb9e05d637e879056e4d1079d49aa761ee5001f188416f236
sandbox/issue-verify/dlg-cancel.txt	133	0	83aaf25f8dd8b6efaaee0e4e9fd83f1775bc9ff44e8426cc0561b1e71976ad1c	83aaf25f8dd8b6efaaee0e4e9fd83f1775bc9ff44e8426cc0561b1e71976ad1c
sandbox/issue-verify/dlg-no.txt	126	0	585b3f22958a0e40e5126d75e936967ca3d3da59a56cb1e2804acc5083c8e1c7	585b3f22958a0e40e5126d75e936967ca3d3da59a56cb1e2804acc5083c8e1c7
sandbox/issue-verify/fake-req-4726.log	91	0	9f6a91ab2cf1f0e9d8df5df7cf47240d3cbfcc0c2007c227a69aab1372250638	9f6a91ab2cf1f0e9d8df5df7cf47240d3cbfcc0c2007c227a69aab1372250638
sandbox/issue-verify/fake-req-5155.log	130	0	ff149852eb868aa88955360e09bef7e89ff9112a1e0306f5b12e66cfdeebaad0	ff149852eb868aa88955360e09bef7e89ff9112a1e0306f5b12e66cfdeebaad0
sandbox/issue-verify/g1-count.ps1	291	0	ef74f5c2a3adfeef92bf3691fc34179ad578d6b7f9eede699cc30eca02e735e6	ef74f5c2a3adfeef92bf3691fc34179ad578d6b7f9eede699cc30eca02e735e6
sandbox/issue-verify/gate-051.log	63547	6	1b01711e8940ef697db9c1320a57856da8602cd9dd1729ba85d1ce089a8c6fba	bd29a686c5d76bbe89ca0ea0448b21a0b13885f332aee340de22179d62ffc179
sandbox/issue-verify/gate-G1.log	62287	6	92b832c84426fc046b0c2092dbe0afca95d548e58fe01080f40d948202fdb33f	a04b6d6422e9b1d3c0803902805d0a834bf26daf5bd16462623573921de6b2f7
sandbox/issue-verify/gate-G2.log	62287	6	219890d3bf6d657f157261f572b29ede6f84ec9f95539b39482329abf3883d63	69ed1d56f3eae96bbd89ab6e4788ca2d9fdeae93fcb05747757b378d425052d6
sandbox/issue-verify/gate-H1.log	24831	6	91e532ffa62852cef59687344ea6680ac064a68f3167ddec042271f3e4673549	d57e6e50a4f800611b1e20fcf0f15bf87c38efdb1deb7cfce2cb1ebd3523c858
sandbox/issue-verify/gate-H2.log	48151	6	90dbce9fb9f9a30a788b2c4e5cd0db11ed04a4539ad1ecf65d532397db42640b	6cf651efc02c226707dc54cd62041622387106f2a16d0204274b337d4aa9538d
sandbox/issue-verify/gate-H3.log	48151	6	0bff3bf2a742e9689ad2e0f8975918cf9916cd632a8714778cf57330657c8d51	08800aa2956f3b3f178d781dedbcbb4e7969580cb71fd551328e41a76ca28749
sandbox/issue-verify/gate-L1.log	63653	6	337b3dc957f0aa5723a60ef103c9d8b69f3f4b8cbc2447f67c7d83bd1398c190	1adc03522a0f93994edce12ebeba29f73aa07170da311c2542c138e3eeaf6abc
sandbox/issue-verify/gate-L2.log	60435	6	7427e6f74ffcbfc9fe3d90a5473df2a3deffb60283db935c5163376556cc5ddb	65938baf178da4d27fa958a672778c4137c205d15fddba9723e14f15159d2ef5
sandbox/issue-verify/gate-L3.log	63537	6	e420186452a197bb08d91a52de44106fe6234ddee15b4212c106c46bcfb07d40	7bcc184db04cc1bcb1b9f0035f11e96117b16e003ec0f67a669bc57513b934e9
sandbox/issue-verify/gate-L4.log	63537	6	55b69620d0b0f29ba52b647f3b4713e82bcaf4d8b50230c8e1a1ba1c511d8b62	4e1e851a2433adfd227de0c5200a110679f251854be2cdeb7fbe0efe9d37acb0
sandbox/issue-verify/gate-buttons.txt	63546	6	d2ea17cb30ae04b380f4be7f98132078cca42b00fa9ab9d2cf68499c8e7018d1	b692365a7e631c4a4b6dd3df98c6911d35ec739d6e1d84bfc13824bebe59b99f
sandbox/issue-verify/gate-card1.log	62776	6	9a4f11f5d18a74d929912c6ae29c01fffaec209e1c7db3ecbec6541976980fb5	4dda89134fd9971c70473431029510a2f65c2114dbe2c743dcc5f34fb96bd3f3
sandbox/issue-verify/gate-card2.log	62914	6	c62eb9484849d3ddf439cfdb86eaffca9c65ed9eb3bc2d11b2fed419c5bb372a	ada2a3adc1fe58e5e46964414940f2c0e812cb2db45e222ddb6e9c760242ddec
sandbox/issue-verify/gate-ci.log	63546	6	7ff4bbfce000bfd795c9468db8e380929ebfdb4ba5e1a03548c7b9bf9409a63b	703c555cada44acdf5ae19618c54e940508957cef4eec8af4e1e0a60d747cc3a
sandbox/issue-verify/gate-ci2.log	49117	6	4bee84a520d71cbcc4003c51a3f6458600fa573017ed3c4889f005f84ebd3093	cb6a79f2447c71fdee3493c9656cb21b157854866df7311d325590a91d4cf000
sandbox/issue-verify/gate-cmd.log	63548	6	6f70e7c904f066f4d1538ae595563499c5d50f22a0754b86ea73b293094b8716	9de0015317ecda68e322d4d0aae2457618c83b328f07f446b2e651497d918ea7
sandbox/issue-verify/gate-final.log	49118	6	321c3cec07206e7ac8721e7b901e04e9e3e7e69c1ab93ddca5e6e24aecf815ae	b50a861bcffd6c0e05976516bed4057acbd517a106ef3d2d0989ebf222f16cd8
sandbox/issue-verify/gate-final2.log	50132	6	904fdb8a0a29ef3cdeec2fd0e2ab85cc56fabac59db379ca3d954d6ab824505e	78c80c8ef1e9397cda2ac7014b6215b1c3d29c76549a300ae97b6a22d4616a0f
sandbox/issue-verify/gate-final3.log	62167	6	26fb29cf6e527c37697ff28a43f2fce201bb4c929dbd3482a259eca70214fb35	87df454b52e6df378de7db1f4cef679076a1ed5523e5ac426a7349c2a9b38f52
sandbox/issue-verify/gate-installer.log	63546	6	6a0367f399bdb774b40408443f282d4b5091f4c950121744a5d8d701476ab6c9	7baf59396e8356f35d83f5a8495604b2968ef1b6733d170b40beb2a4e7348300
sandbox/issue-verify/gate-no.txt	63546	6	165dd22abb71ec85703eab013c1b6ad41a924dbb4e5d8c7e5b7e157df29bef0c	f33ef3f7c38a3647941968b668fc18800b5be051025486ab36c23f2895e8d17f
sandbox/issue-verify/gate-prereq.log	63548	6	2c3a92ce91273ec24c0717d5392752609d28acb84bbdea9fe6ee7f5faf35c591	281ea0f6352447100a611bbcea734171b4b559c7580ee9344e6e6dd4bb2b796e
sandbox/issue-verify/gate-release.log	49106	6	97ee72926b71e289e6f204f75a386732502032efc5ad111df9d6fda1144dff68	339c94909d04633d9736ee311ae8fb0aed5fe6fb4065487e04f5ca053867b30a
sandbox/issue-verify/gate-wait1.log	53950	3	24d7871e07e65848d4b52296a8e407cc95a5364f816fbe1b16c3ccefbd202437	b2bc231080b49d12c1be0113d1f02bc965c7b325ccf9a5ab9a0474532fa9dd90
sandbox/issue-verify/gate-wait2.log	60221	6	6be7cc0c9505a745cbd5bf9562b1681791038f0b6693f3c6f898091b700111e3	5f6e690bf67a5ab252b965dfc40615d8b24656c3964b6c362e910b9ac72d7cef
sandbox/issue-verify/gate-wait3.log	48894	6	6e1a0125fb034777bdcd4d7a6f00047a574147952317a788c4245f536c295eb1	293c8eda4576b8ae0371bf58022b47e6faffc91b75886dddde669013ee57e91a
sandbox/issue-verify/gate.log	47029	6	67fa71992e9973a12f5a0c08c6c130e87b68a8b0991973cdc383bc29b310942b	ff08d38132698e983da806cfe46ced5402a4e23b8f9513da22ec4a4b8142f691
sandbox/issue-verify/hklm-node.txt	614	2	da98aeb898b0347700d9fc5aa839655f4d071638682f38eb134ea108c9ae0187	686a16ca5a63f89b4ad27da59fe9643210184563ddc85e2cdb958b024dbfdda1
sandbox/issue-verify/hover-test.log	27136	6	48a266ecbad9b8107632077dde91898121bf4ddb5b1e998b3e3bcf920e448b44	7292b94afae09ab86bbc9bd26d107e1a371a4000fd42fb5e67bfb5ee06d530e7
sandbox/issue-verify/hover-test2.log	22250	6	4c6d55eca18f4946e2f2197c7a0bb6fa0d62c4d81acad252cba1a8ac1d9dc59c	603fa8046adfca977959970fd07e186868e6f37a8a1d2a025d0dc77495c83e71
sandbox/issue-verify/inject-broken-plugin.ps1	1869	0	cb94ada9244854f42c5dccc13a39bfe20d27e671d55ffd5a86e0033a6562040d	cb94ada9244854f42c5dccc13a39bfe20d27e671d55ffd5a86e0033a6562040d
sandbox/issue-verify/isolated/selftest.txt	127	1	90a8e4b3bfda826d01a41be8d09ad4fd36f9d516c96ce8090309ddf09c8bbea8	c2fcc6fbbf0f4b14182e0f6aad8f892552e0746ca59edd4b780b014f55d1d833
sandbox/issue-verify/lib.ps1	27644	0	29a561a41ed4c8c8f28d5b1d097cb2f2d889dd366163ba5073efe8f8117bebaf	29a561a41ed4c8c8f28d5b1d097cb2f2d889dd366163ba5073efe8f8117bebaf
sandbox/issue-verify/list-card-windows.ps1	2394	0	3cc6f6c1307348f3f72b3981a95e68a587976f8f95b1a15379bf1218acf8624f	3cc6f6c1307348f3f72b3981a95e68a587976f8f95b1a15379bf1218acf8624f
sandbox/issue-verify/monitors.ps1	3033	0	20eb0b23c4f4e37c01c04ba786861505de56dc527f60badddcba1f0ef73120f2	20eb0b23c4f4e37c01c04ba786861505de56dc527f60badddcba1f0ef73120f2
sandbox/issue-verify/msi-control-old.txt	454	0	4ea8a015045c8be9a9a45892849cbc6643a53b2715b96c6819d4b0a9aef7bec5	4ea8a015045c8be9a9a45892849cbc6643a53b2715b96c6819d4b0a9aef7bec5
sandbox/issue-verify/msi-control-run.ps1	3536	0	a75ef0f991a9ef9f27ec81fb4d1c7e5a950d26896e0adc2066d80f4833d7393f	a75ef0f991a9ef9f27ec81fb4d1c7e5a950d26896e0adc2066d80f4833d7393f
sandbox/issue-verify/msi-e2e-run.ps1	4615	0	fabcde912e739d0bb5ffeca66305c02284600f6a8017ed0c3c6c604a673d2e36	fabcde912e739d0bb5ffeca66305c02284600f6a8017ed0c3c6c604a673d2e36
sandbox/issue-verify/msi-r1-old-noClick.txt	3621	0	5d93fbe0cd5345c651ab069189db673998a86fd73d9cc76c8479aa598f3d1cfa	5d93fbe0cd5345c651ab069189db673998a86fd73d9cc76c8479aa598f3d1cfa
sandbox/issue-verify/msi-r2-new-cancel.txt	3565	0	844c2f45e556756e39b32a06265eb014e3226821c0a0aa537aae8e8f7e9f60e0	844c2f45e556756e39b32a06265eb014e3226821c0a0aa537aae8e8f7e9f60e0
sandbox/issue-verify/msi-r3-aot-cancel.txt	3839	0	a5002a3d1f9e6458503efea486ec9520bb5da4d4f640b844cbbbff58d7957d68	a5002a3d1f9e6458503efea486ec9520bb5da4d4f640b844cbbbff58d7957d68
sandbox/issue-verify/msi-r4-x86-cancel.txt	4146	0	84e8583bf21de9702817e3196a4a1ba7191cfedc9d2004f1e536ff810c796da9	84e8583bf21de9702817e3196a4a1ba7191cfedc9d2004f1e536ff810c796da9
sandbox/issue-verify/msi-round1-old-noClick.txt	3489	0	c7c780d2920bc6f7d1e3b0fc7b93eac7ecc8eda9f31bde5c84a0581d4cff8348	c7c780d2920bc6f7d1e3b0fc7b93eac7ecc8eda9f31bde5c84a0581d4cff8348
sandbox/issue-verify/msi-round2-new-cancel.txt	3483	0	9586a2914c2aae70864301ebadc963c37404315a5d5061a272494e29d33f251a	9586a2914c2aae70864301ebadc963c37404315a5d5061a272494e29d33f251a
sandbox/issue-verify/msi-streams.ps1	1197	0	0deb869e2e0d8e128892b5ea77f2f79116bfc6bfedf1fc3ba29d8de1403d573f	0deb869e2e0d8e128892b5ea77f2f79116bfc6bfedf1fc3ba29d8de1403d573f
sandbox/issue-verify/msi-v0.5.0/SHA256SUMS.txt	188	0	a03502d4363a829a8d5a050921f79bb34bc53c6f75e5b9b2c1564a51a2f6e55b	a03502d4363a829a8d5a050921f79bb34bc53c6f75e5b9b2c1564a51a2f6e55b
sandbox/issue-verify/msi-v0.5.1/SHA256SUMS.txt	188	0	8de2fc01cd0774d645dc91fefdbc02ef1a4e6e22a87d45648867b4ccecb92a67	8de2fc01cd0774d645dc91fefdbc02ef1a4e6e22a87d45648867b4ccecb92a67
sandbox/issue-verify/node-detect.txt	1546	8	2055e220a65ecb0995f7436b725bd94f7700f3f7205f08235b2bce5760f9b900	a35c0f3fccf3f6ee4b7844df70446fe9c7c31377f2f56c0f6132710ac389b2bf
sandbox/issue-verify/notes-050.txt	54346	0	3499f1f2884f444ad91b7c2991f6f0443ec8ebf8eaa3391784fe65a1f0658d21	3499f1f2884f444ad91b7c2991f6f0443ec8ebf8eaa3391784fe65a1f0658d21
sandbox/issue-verify/notes-051.txt	2916	0	521b8f57eeffdcbfb944dfb3f9700a89ff478e6905c0588502988c9b3a3c81b8	521b8f57eeffdcbfb944dfb3f9700a89ff478e6905c0588502988c9b3a3c81b8
sandbox/issue-verify/old-algo-verdict.ps1	1156	0	9a1124a6ef7243d7cdf9e999fb5d973d5c7b554736add7eb8c8768a9e0d81c5a	9a1124a6ef7243d7cdf9e999fb5d973d5c7b554736add7eb8c8768a9e0d81c5a
sandbox/issue-verify/package-052.log	8407	3	cbc79702e6f34ea4d7979808238c1afb54a187346d5df5e37a15a191a278f3dc	650a8d083edad98a684253c164b5fe4efd81df18ea3981ed762ec6f7abbb43fe
sandbox/issue-verify/pre-rewrite-master.txt	41	0	1a0be31b31c9cdd04da19b12c466f6986c74885c7741da1e21ae2894bad8384e	1a0be31b31c9cdd04da19b12c466f6986c74885c7741da1e21ae2894bad8384e
sandbox/issue-verify/prereq-cmd-after.txt	253	1	54dd0d11c29bc7ce0aa5c35d5c0fe9a4bebf9a0a3002ab235dd33321848c833c	48e4a6e361897b2fd2154e3377b144223c2f37ef985cc9a59f23bf6bb7c05284
sandbox/issue-verify/prereq-cmd-after2.txt	253	1	322fb6f6cdc797b0ec9d379bf10a91468b60fc81fb6058f89fbcc8f8fbd92e2a	5e06fe9f5a5ab1126dc5231de07a68d7a0264e820bc96e0e9dc4999cea158275
sandbox/issue-verify/prereq-cmd-before.txt	445	0	5b53eff4f68b34e69fe05ae8319fa99eae4fc6c43078cac7c7bd91960a1652d6	5b53eff4f68b34e69fe05ae8319fa99eae4fc6c43078cac7c7bd91960a1652d6
sandbox/issue-verify/prereq-cmd-negative.txt	445	0	5b53eff4f68b34e69fe05ae8319fa99eae4fc6c43078cac7c7bd91960a1652d6	5b53eff4f68b34e69fe05ae8319fa99eae4fc6c43078cac7c7bd91960a1652d6
sandbox/issue-verify/prereq-dialog-run.txt	521	0	b0b12524b3b85a829cbab1234fe76109ff219cc706570a10475d85342ef981ac	b0b12524b3b85a829cbab1234fe76109ff219cc706570a10475d85342ef981ac
sandbox/issue-verify/prereq-dialog.txt	42	0	31d7c9d9b38169a4aa0fb8c64a7c5bcbdf9ac7d41d1a70a828719d4825ada955	31d7c9d9b38169a4aa0fb8c64a7c5bcbdf9ac7d41d1a70a828719d4825ada955
sandbox/issue-verify/prereq-selftest.ps1	1874	0	df661333e87adeaadf8c4f5ddd7a3d5b5a3a10cc6b31d1e4d991e11e5f9572ff	df661333e87adeaadf8c4f5ddd7a3d5b5a3a10cc6b31d1e4d991e11e5f9572ff
sandbox/issue-verify/prereq-selftest/negative.txt	42	0	9b3c6788f70fcc86198c1afb165af3ded00621164d1edebcdc40617ead19be44	9b3c6788f70fcc86198c1afb165af3ded00621164d1edebcdc40617ead19be44
sandbox/issue-verify/prereq-selftest/persistent-path.txt	113	1	15e6e8b86df425cef3e6569859afff3fddfdc0335122d051e8add0fcda3e86e0	6147307b48522eca56a19956bd8986f59cf26ab619abc5b0fe6f4907e11b664f
sandbox/issue-verify/prereq-selftest/positive.txt	127	1	90a8e4b3bfda826d01a41be8d09ad4fd36f9d516c96ce8090309ddf09c8bbea8	c2fcc6fbbf0f4b14182e0f6aad8f892552e0746ca59edd4b780b014f55d1d833
sandbox/issue-verify/probe-28-2.ps1	2705	0	18f6d5deedb13d76852b486d6d098acf61fcf5a58b84f34eb4051a05c9c462bd	18f6d5deedb13d76852b486d6d098acf61fcf5a58b84f34eb4051a05c9c462bd
sandbox/issue-verify/probe-broken-plugin.ps1	2286	0	7bb4035dd15f26df5e439fbc2b5d07cf68ede27a77f0e34422b33299de05dff8	7bb4035dd15f26df5e439fbc2b5d07cf68ede27a77f0e34422b33299de05dff8
sandbox/issue-verify/probe-broken.log	6444	10	a5a5fe8cb26a95aace56ad6ad8c709646a4d21426920d90b6581937e92b5071d	bb9890d92e57728c2f31d00d1953730e1707c8ff7e02e57ed0229942a4c9b3e6
sandbox/issue-verify/probe-monitors.ps1	573	0	00221208b658b945bd76e351659563567b0b2b945ed069cf3af0865a161a5d9f	00221208b658b945bd76e351659563567b0b2b945ed069cf3af0865a161a5d9f
sandbox/issue-verify/probe-node-detect.ps1	2698	0	f3b186b8df108452c1af90586589d0e22f245aed4ce7b2708ef8ef785b5c1f9f	f3b186b8df108452c1af90586589d0e22f245aed4ce7b2708ef8ef785b5c1f9f
sandbox/issue-verify/probe-sandbox.ps1	1460	0	e985d67588c14f8aa7ac70eeef74843f2989f538793fae5e9ae527a282805d6c	e985d67588c14f8aa7ac70eeef74843f2989f538793fae5e9ae527a282805d6c
sandbox/issue-verify/re-T11.log	2130	0	ab67603216115fefa026990b5d7ba20346a003222d18ad4d748b394e3e6e89ac	ab67603216115fefa026990b5d7ba20346a003222d18ad4d748b394e3e6e89ac
sandbox/issue-verify/re-T11b.log	2517	0	8e5828ffe41c432986f5bccb6801779395fd1268d7bde50ccc88aa136102e999	8e5828ffe41c432986f5bccb6801779395fd1268d7bde50ccc88aa136102e999
sandbox/issue-verify/re-T11c.log	2522	0	943e1d41432a1b8507530a3b1ed90f7c6e652312a420f2cce10bfd6fb3131b26	943e1d41432a1b8507530a3b1ed90f7c6e652312a420f2cce10bfd6fb3131b26
sandbox/issue-verify/re-T11d.log	2706	0	86ce269ff7471246c5f79faad23a1f068a3b7f6085780d16b47035e816c531f4	86ce269ff7471246c5f79faad23a1f068a3b7f6085780d16b47035e816c531f4
sandbox/issue-verify/re-T11e.log	2454	0	86453ce81d89717964cae7d0edf8408965bbb9100b1dd265ba708e36e9f4305f	86453ce81d89717964cae7d0edf8408965bbb9100b1dd265ba708e36e9f4305f
sandbox/issue-verify/re-T11f.log	2995	0	87aaa6338b1a2c4c2827e0918470186eacc23fe12c7d2fb0a43def43be717e58	87aaa6338b1a2c4c2827e0918470186eacc23fe12c7d2fb0a43def43be717e58
sandbox/issue-verify/re-T12.log	681	0	ff9026ea35201b51d3a6f5f2ff4b5cff5657ba080292f21d94f1cc46a3347e13	ff9026ea35201b51d3a6f5f2ff4b5cff5657ba080292f21d94f1cc46a3347e13
sandbox/issue-verify/re-T3.log	892	0	09a520adae040f7189b763484c9ac9969a6b2804c0d63d4e939f5a9493170147	09a520adae040f7189b763484c9ac9969a6b2804c0d63d4e939f5a9493170147
sandbox/issue-verify/re-T3R.log	3475	0	3799c626840f20dbfa46555575ad7c02039c9367c200bd0fb2d40a63d68297f2	3799c626840f20dbfa46555575ad7c02039c9367c200bd0fb2d40a63d68297f2
sandbox/issue-verify/re-T3b.log	4474	0	331c4e5e08f2aece635911d823c91374c04f5f6de83001b41d8cc684d3444e4b	331c4e5e08f2aece635911d823c91374c04f5f6de83001b41d8cc684d3444e4b
sandbox/issue-verify/re-T9.log	1486	0	75624ea39a75bd79d0d4418b93c9a5662ec75f668da9c9e7e552d54a4aca8b1f	75624ea39a75bd79d0d4418b93c9a5662ec75f668da9c9e7e552d54a4aca8b1f
sandbox/issue-verify/ready-facts.ps1	1594	0	05133449531d4a6b4a191bd326f14168f7f2829c498f4a0a452e9a0f229bdca9	05133449531d4a6b4a191bd326f14168f7f2829c498f4a0a452e9a0f229bdca9
sandbox/issue-verify/real-safe-mode-reset.ps1	1154	0	aab3f4869ee6fffffa8f962fa508a43943e3bd329fbb30c8a0dab35479d54bc2	aab3f4869ee6fffffa8f962fa508a43943e3bd329fbb30c8a0dab35479d54bc2
sandbox/issue-verify/real-safe-mode.pre-28-2.json	69	0	e605fd429a716d6994ed771b20149bb9498d73e51271f9cca2f4b8b52c6febb1	e605fd429a716d6994ed771b20149bb9498d73e51271f9cca2f4b8b52c6febb1
sandbox/issue-verify/real-safe-mode.unarm.json	70	0	0dea3af813cc7a8fb90d0868960ba71637659a62f55aecbf7483739f575586b9	0dea3af813cc7a8fb90d0868960ba71637659a62f55aecbf7483739f575586b9
sandbox/issue-verify/registry-path.txt	796	7	9b1a91dc96464981a0454ca49661e413980a6c7e0760a5f351fb071e57b4fb6d	525c55abd67caa3515aee8a58a7a4b70b108419652fa340eec22702498c8b874
sandbox/issue-verify/rel-051-body.txt	4165	0	43c800b9cc99a81b2e5a6edb6763d133ab5573e61814149df17b476ca02a98af	43c800b9cc99a81b2e5a6edb6763d133ab5573e61814149df17b476ca02a98af
sandbox/issue-verify/release-body.txt	57419	0	b14cba0592fea380e6a2a60fa4b1d05d115c9e8456e462646d38eb2ed5e677ae	b14cba0592fea380e6a2a60fa4b1d05d115c9e8456e462646d38eb2ed5e677ae
sandbox/issue-verify/release-contrib.txt	1127	0	845195d423aa97b02338efa39da19a54dc56d27f60290ebf268eba4131c1a7b3	845195d423aa97b02338efa39da19a54dc56d27f60290ebf268eba4131c1a7b3
sandbox/issue-verify/release-contrib2.txt	62	0	327ac43c72615ea6052d0c7b5b137af8d6f324b66162d9ab050738f170c7fa93	327ac43c72615ea6052d0c7b5b137af8d6f324b66162d9ab050738f170c7fa93
sandbox/issue-verify/restore-real-profile.ps1	958	0	1d635b1d4e4024cfd66dab41d186d664d4a9eb1f9e8c604fd531ba6997fe697e	1d635b1d4e4024cfd66dab41d186d664d4a9eb1f9e8c604fd531ba6997fe697e
sandbox/issue-verify/run-prereq-cmd.ps1	1517	0	84a853cd6a4ac865199a69e68c860f3a8b134b7f773cb64a6f5249458c1d9a83	84a853cd6a4ac865199a69e68c860f3a8b134b7f773cb64a6f5249458c1d9a83
sandbox/issue-verify/run.ps1	57651	0	761c911de3c183bd1c5a79fa59bc5489246945a9f97289164f06f475801fd41d	761c911de3c183bd1c5a79fa59bc5489246945a9f97289164f06f475801fd41d
sandbox/issue-verify/sec051.txt	1085	0	f4c89e86016ff06d721e31a8b27d1f097bee0535e85f695d001ac36ed00de876	f4c89e86016ff06d721e31a8b27d1f097bee0535e85f695d001ac36ed00de876
sandbox/issue-verify/stats.json	1785	0	9d1d5b89bb1390b403823a0b43f7664d98601ce95233abf77b54aa929a535e21	9d1d5b89bb1390b403823a0b43f7664d98601ce95233abf77b54aa929a535e21
sandbox/issue-verify/stats2.json	1785	0	9d1d5b89bb1390b403823a0b43f7664d98601ce95233abf77b54aa929a535e21	9d1d5b89bb1390b403823a0b43f7664d98601ce95233abf77b54aa929a535e21
sandbox/issue-verify/t11-run.log	1785	0	860ef70919682977f2164b88e17b12191aabc3ce29ede1dbeaebfb1f4f203e33	860ef70919682977f2164b88e17b12191aabc3ce29ede1dbeaebfb1f4f203e33
sandbox/issue-verify/t11-run2.log	2027	0	9db06b3337fd31b8d612eab61eb7ed7b044ac10d244ca6bc050f13f5ef341304	9db06b3337fd31b8d612eab61eb7ed7b044ac10d244ca6bc050f13f5ef341304
sandbox/issue-verify/t11-run3.log	673	0	8758c3e00bdd766eef5eaf4456f5edb67e1814734598a894715c4065407318c6	8758c3e00bdd766eef5eaf4456f5edb67e1814734598a894715c4065407318c6
sandbox/issue-verify/t11-run4.log	2552	0	636524acfc118dd9bb77d7e67ceb1c0af13ac8dd34a59dbe7d77613b24106b3f	636524acfc118dd9bb77d7e67ceb1c0af13ac8dd34a59dbe7d77613b24106b3f
sandbox/issue-verify/t12-run.log	870	0	fa68f777beccf8910d9034233348428792d3f4ab2d60735d42fb1016bf21ad1c	fa68f777beccf8910d9034233348428792d3f4ab2d60735d42fb1016bf21ad1c
sandbox/issue-verify/t9-dump.ps1	1256	0	d7eb995febd6b15e7d05de1c00562999ae332291d397a32b2e492dcc9b825b5a	d7eb995febd6b15e7d05de1c00562999ae332291d397a32b2e492dcc9b825b5a
sandbox/issue-verify/titlebar-test.log	20155	6	c7bfaf901ac79e347b04fd3f5540f298eb02b4aa11d25d963fee23a559f9eb48	51336ffff7504b2d316124839ea745184dc3d84e7ad5f55062d0a2b5ee97ce64
sandbox/issue-verify/tray-probe.ps1	8952	0	0cd8af43f82ac318aa5dbcff8054b22d8261a22a3aa70d762ab48ea9a96fa61a	0cd8af43f82ac318aa5dbcff8054b22d8261a22a3aa70d762ab48ea9a96fa61a
sandbox/issue-verify/unittest-full.log	10329	6	e06ed8397c60351dda51fb7fe05d50921e8d3326343425c6c7c15be4786c2127	87f53a00c7be07a53e737c952ba419e7cf9682a156b0493c54e18893d98bd539
sandbox/issue-verify/unittest-full2.log	7337	6	242dc2eaab845e1fe6384115a17131c8e88917685f374f256ff9b306a4829f74	83a4756391b6e78e3606e2bbca5d435bd26d3d2dc88e6bb49c761ea269420477
sandbox/issue-verify/unittest-full3.log	7337	6	e3c92d999841a99d23b996d497951871603b8dee8c367953958fb23e1381640d	ba746bf8d958db9ee8dfbeb3b049730b76e4d36e337047634fa79b4a10435a81
sandbox/issue-verify/unittest-full4.log	7200	6	5bfb596915df7e28f5329d9abac075c7b03f752a0afcc960deb5971cde844f62	4cdd52e19bdcabcf226e8570df19f2293441995f9a95c4a20a492316a0a0401d
sandbox/issue-verify/unittest-full5.log	7200	6	debf717eeaa90ae9efd2716064ae894dd84a2a7b6047782b8611d085a6903ecd	4ee3a4392478bc492a153454d616059e76d9038bc561f32b7271d21065c84916
sandbox/issue-verify/validate-msi-files.ps1	1290	0	0e117fcc198eaaffa93abc9b7d415916c119ee5a4b21ea989be930c39f4c81ad	0e117fcc198eaaffa93abc9b7d415916c119ee5a4b21ea989be930c39f4c81ad
sandbox/issue-verify/verify-eol-copy.ps1	2240	0	a63294e791b541ce6db659c73461510b545e8150233caf831ee9068d9f51cf89	a63294e791b541ce6db659c73461510b545e8150233caf831ee9068d9f51cf89
sandbox/issue-verify/verify-eol-dialog.ps1	3866	0	67c8840ed65f04b76b53eddaa91f67b2b6682c7835c956bf76a904ff3820a0b3	67c8840ed65f04b76b53eddaa91f67b2b6682c7835c956bf76a904ff3820a0b3
sandbox/issue-verify/verify-eol-live.ps1	2107	0	d4925ccc79795e80fdc8c9415e5278170d781038b1bedca9a570592d70915dff	d4925ccc79795e80fdc8c9415e5278170d781038b1bedca9a570592d70915dff
sandbox/issue-verify/verify-gate.ps1	6593	0	ececd466747263938d84f24f12dce2a4f50f3ae12323319966417944160115aa	ececd466747263938d84f24f12dce2a4f50f3ae12323319966417944160115aa
sandbox/issue-verify/verify-package-052.ps1	2254	0	cd2e46149f0c6633916056a7a1ed14cce51cf33c21acce7cf7da2ba1407c7bbc	cd2e46149f0c6633916056a7a1ed14cce51cf33c21acce7cf7da2ba1407c7bbc
sandbox/issue-verify/verify-package-052b.ps1	1926	0	3d9a4bbc5814cc1d254a9c733fa0e12ded315a2820e419adf634abaaa8fef4d2	3d9a4bbc5814cc1d254a9c733fa0e12ded315a2820e419adf634abaaa8fef4d2
sandbox/issue-verify/verify-prereq-dialog.ps1	3013	0	04daa7fcec54c49ca9a0c356121da3492285a1975b43c5e97e45ae549333fec4	04daa7fcec54c49ca9a0c356121da3492285a1975b43c5e97e45ae549333fec4
sandbox/issue-verify/verify-shipped-msi.ps1	2202	0	afb120908f5978da72921e71bcdaf9b1ed442120c140931cb505527f1247edfb	afb120908f5978da72921e71bcdaf9b1ed442120c140931cb505527f1247edfb
sandbox/issue-verify/watch-installer.ps1	2330	0	3cf8aecb1abbc8a97cf4ef4392e385cf579719e1b8b099c87d12e5f6b00f5707	3cf8aecb1abbc8a97cf4ef4392e385cf579719e1b8b099c87d12e5f6b00f5707
sandbox/issue-verify/watch-timeline.txt	46	0	6a4b56abe0b94aad27a29ab53d7ac46bbf184fc9864641cdc6454ed129db5134	6a4b56abe0b94aad27a29ab53d7ac46bbf184fc9864641cdc6454ed129db5134
sandbox/issue-verify/wpn-re.log	11879	6	aa7cc335570863dbe44c9bc191ac7e3745634302f75384bdf631684500923151	c7fb9dfbef8cd4bc494b80e8535edba00b4f0533095c2ef2c93c2422732a2c65
sandbox/issue-verify/wpn-re2.log	26957	13	e2bec23f7c3f378c331724d8eadba5e8305c652f9645f0823325f9d74bb6df5e	d9e5383f084bb80655bf72c523e84f837c9f6e94f6a0bbfce94d3fd7182dd138
sandbox/issue-verify/x86-missing-dotnet-probe.ps1	3405	0	19e89e7e17bdb3d92c0cb7ab745c26d1cc13281a26ee1d7a9cb11fc7be83d2d7	19e89e7e17bdb3d92c0cb7ab745c26d1cc13281a26ee1d7a9cb11fc7be83d2d7
sandbox/issue-verify/x86-probe-dialog.txt	434	0	2a787540fda88e5c049634790c3618634865ba8019b9b8d7c4a58b3d9d1ea118	2a787540fda88e5c049634790c3618634865ba8019b9b8d7c4a58b3d9d1ea118
sandbox/issue-verify/zip-check/dsh-launcher-windows-0.5.2/check-prereq.cmd	3715	0	a49a7c9759a118cb3438343c15c779ee5ed6183f8f2d01e45113366380ad5e5d	a49a7c9759a118cb3438343c15c779ee5ed6183f8f2d01e45113366380ad5e5d
sandbox/issue-verify/zip-check/dsh-launcher-windows-0.5.2/dsh-web.cmd	610	0	f27b95899645b3ba63b548c5945333b1676e2736a79e64cab247c0c49e788720	f27b95899645b3ba63b548c5945333b1676e2736a79e64cab247c0c49e788720
sandbox/issue-verify/zip-check/dsh-launcher-windows-0.5.2/start-dsh.cmd	708	0	7b1a611ff219381bed32b3a2067e4270f14437391dc2828f5989109744241519	7b1a611ff219381bed32b3a2067e4270f14437391dc2828f5989109744241519
sandbox/issue-verify/zip-check/dsh-launcher-windows-0.5.2/uninstall-autostart.cmd	4145	0	86d2408c65c7a98d933c73eb61147ea489e10dab4c1b95e3f68325d7c3520897	86d2408c65c7a98d933c73eb61147ea489e10dab4c1b95e3f68325d7c3520897
sandbox/issue25-card/baseline.ps1	6538	0	d46a2a8b4280a812114273676b23e61cf63e9b39662deaa2efcfde798214de57	d46a2a8b4280a812114273676b23e61cf63e9b39662deaa2efcfde798214de57
sandbox/issue25-card/card-size.ps1	5401	0	748aad08fb94ddb1bb441b3692d8ce2f6314f21e07064d9519a3353d9bfec670	748aad08fb94ddb1bb441b3692d8ce2f6314f21e07064d9519a3353d9bfec670
sandbox/issue25-card/click-card.ps1	5616	0	b9eda6df4868287d86994d2b008b9a0c6375ef58a25f802e3214664de2affca3	b9eda6df4868287d86994d2b008b9a0c6375ef58a25f802e3214664de2affca3
sandbox/issue25-card/crop.ps1	981	0	5819934d2dd225f2309405d3169166ea80ad71f4c0e59d4198e7a5c60be6a332	5819934d2dd225f2309405d3169166ea80ad71f4c0e59d4198e7a5c60be6a332
sandbox/issue25-card/e2e-safemode.ps1	9980	0	9dc65a45bc80251b3ba5fcf1f2a1651b9bc30b6a41115d6d4d301997f8734e5e	9dc65a45bc80251b3ba5fcf1f2a1651b9bc30b6a41115d6d4d301997f8734e5e
sandbox/issue25-card/home-click/dsh-launcher/dsh.log	5186	0	dd0d9f844a509b6220b1a1211fbb409cbfebdc92092b196730cd2a9e049e76df	dd0d9f844a509b6220b1a1211fbb409cbfebdc92092b196730cd2a9e049e76df
sandbox/issue25-card/home-click/dsh-launcher/safe-mode.json	70	0	0dea3af813cc7a8fb90d0868960ba71637659a62f55aecbf7483739f575586b9	0dea3af813cc7a8fb90d0868960ba71637659a62f55aecbf7483739f575586b9
sandbox/issue25-card/home-dedupe/dsh-launcher/dsh.log	5185	0	e2b9456f922670f84bb2ab58f8c185c0291ddfa41f2162b59da8cc0a7f0af50b	e2b9456f922670f84bb2ab58f8c185c0291ddfa41f2162b59da8cc0a7f0af50b
sandbox/issue25-card/home-default/dsh-launcher/dsh.log	3894	0	773cfad40ce6e3ccc0cb77eaef3081314f489a623b1b683b4b9776320847f50f	773cfad40ce6e3ccc0cb77eaef3081314f489a623b1b683b4b9776320847f50f
sandbox/issue25-card/home-e2e/dsh-launcher/dsh.log	8029	2	0aa8aa06f8a57058055ecd754b4425505c4ff9da135723b5676e6c5fada39faa	4248d8974e4da2c46966eff636a3ff39074ffde3a4d45f325d46446d395effd2
sandbox/issue25-card/home-e2e/dsh-launcher/safe-mode.json	70	0	0dea3af813cc7a8fb90d0868960ba71637659a62f55aecbf7483739f575586b9	0dea3af813cc7a8fb90d0868960ba71637659a62f55aecbf7483739f575586b9
sandbox/issue25-card/home-e2e/dsh-launcher/service-pid-2602.txt	5	0	66ba10dcd37da7f59f066506f4fef9a5a5023ef26b630c64c3e23f15eb4c97e9	66ba10dcd37da7f59f066506f4fef9a5a5023ef26b630c64c3e23f15eb4c97e9
sandbox/issue25-card/home-e2e/dsh-launcher/webcache-version.json	51	0	531a7889def7e17bbc69ec3a9b5060526c253adbe110df50c561d230f0a5f74f	531a7889def7e17bbc69ec3a9b5060526c253adbe110df50c561d230f0a5f74f
sandbox/issue25-card/home-e2e/profiles/.dsh-safe/package.json	197	0	cf4a98b41a7dd5ffe72a9001aee39324b2a2823bc3525fb275c242215c9b4f68	cf4a98b41a7dd5ffe72a9001aee39324b2a2823bc3525fb275c242215c9b4f68
sandbox/issue25-card/home-e2e/profiles/web/package.json	236	0	b07f71cba5c341f6bd6ebf1316573588817e3a15629a86f11d34d4a01a82c94b	b07f71cba5c341f6bd6ebf1316573588817e3a15629a86f11d34d4a01a82c94b
sandbox/issue25-card/home-e2e/storages/workspace.json	199	0	ae581504107075e10161487a6bcf32a8b6f291ac2ca8dd70ead37f149d6bdfe4	ae581504107075e10161487a6bcf32a8b6f291ac2ca8dd70ead37f149d6bdfe4
sandbox/issue25-card/home-forcetoast/dsh-launcher/dsh.log	4185	0	9e33b5697c6fcd7d5914e78e505b70239c804e9d31caa85e9c6f96069959ab78	9e33b5697c6fcd7d5914e78e505b70239c804e9d31caa85e9c6f96069959ab78
sandbox/issue25-card/home-probe/dsh-launcher/dsh.log	3377	0	f6ee72a152d8c74f7374db2799563b1caee05e2c74d7ece5b919334329f9b64f	f6ee72a152d8c74f7374db2799563b1caee05e2c74d7ece5b919334329f9b64f
sandbox/issue25-card/home-probe2/dsh-launcher/dsh.log	5254	0	848e4c4272d5c62f0516f6349ccb729787cbb561eeb1d1e02d23d3cfd82285c4	848e4c4272d5c62f0516f6349ccb729787cbb561eeb1d1e02d23d3cfd82285c4
sandbox/issue25-card/home-probe2/dsh-launcher/safe-mode.json	542	0	374a95a258a67f3206fcdcf17667de24aae1f033da54c683801ceea42adae043	374a95a258a67f3206fcdcf17667de24aae1f033da54c683801ceea42adae043
sandbox/issue25-card/home-safemode/dsh-launcher/dsh.log	3843	0	50de13f439f1632078d00ec2bf94bcdc08a47905fb30caa2662b015e1bc32067	50de13f439f1632078d00ec2bf94bcdc08a47905fb30caa2662b015e1bc32067
sandbox/issue25-card/home-safemode/dsh-launcher/safe-mode.json	26	0	16d2f476b31c796ea754309f51fe583ebcad3dec426678530c9a9a66f9498944	16d2f476b31c796ea754309f51fe583ebcad3dec426678530c9a9a66f9498944
sandbox/issue25-card/home-size/dsh-launcher/dsh.log	1824	0	d2c55b12e99981520fdb58a6d722241a5adea7c3c9f447fa76689e6f26e89b96	d2c55b12e99981520fdb58a6d722241a5adea7c3c9f447fa76689e6f26e89b96
sandbox/issue25-card/home-size/dsh-launcher/webcache-version.json	51	0	36b951355cc818dd2d7fd36032e64072a29e6bbde3dc6096adac3d356be842db	36b951355cc818dd2d7fd36032e64072a29e6bbde3dc6096adac3d356be842db
sandbox/issue25-card/home-webnotify/dsh-launcher/dsh.log	4849	0	f302662f00151182fd1c55c27c06ba019dc0fad9ff545b2af5a28876950c6210	f302662f00151182fd1c55c27c06ba019dc0fad9ff545b2af5a28876950c6210
sandbox/issue25-card/home/dsh-launcher/dsh.log	8520	0	371e6e77bc4e97d3c1d39b30ff69be0c8748e65100ab506d4e3204a3282465d7	371e6e77bc4e97d3c1d39b30ff69be0c8748e65100ab506d4e3204a3282465d7
sandbox/issue25-card/old/.github/CODE_OF_CONDUCT.md	1957	0	344ea4863857ea451f2952d71d8007673bb658c93da3bfbb2f7699715fa84ccf	344ea4863857ea451f2952d71d8007673bb658c93da3bfbb2f7699715fa84ccf
sandbox/issue25-card/old/.github/CONTRIBUTING.md	2564	0	0423288594f21c9d4a0cdc1d8609083149cb75ff26f6c1d75646df473f276bc2	0423288594f21c9d4a0cdc1d8609083149cb75ff26f6c1d75646df473f276bc2
sandbox/issue25-card/old/.github/ISSUE_TEMPLATE/bug_report.md	954	0	db2ad77dce1679a467179679000fc897f6599d2d11d9744f4d1b9ef1c8569456	db2ad77dce1679a467179679000fc897f6599d2d11d9744f4d1b9ef1c8569456
sandbox/issue25-card/old/.github/ISSUE_TEMPLATE/feature_request.md	522	0	79fd4d2c41d8a3297625d01013b238346df1380695349f3afe6f1062d9aac62c	79fd4d2c41d8a3297625d01013b238346df1380695349f3afe6f1062d9aac62c
sandbox/issue25-card/old/.github/PULL_REQUEST_TEMPLATE.md	614	0	c63116a1f18d10e8d3807870ad045abdebf9ec5276f6c60d09ee3bc62d360d4a	c63116a1f18d10e8d3807870ad045abdebf9ec5276f6c60d09ee3bc62d360d4a
sandbox/issue25-card/old/.github/SECURITY.md	1731	0	88595afe783a04117290f0b2a9502df38f80c77165dbf94c0faf8bcdb3b46640	88595afe783a04117290f0b2a9502df38f80c77165dbf94c0faf8bcdb3b46640
sandbox/issue25-card/old/AGENTS.md	5504	0	066c144e37b35fdd4310cb623aa828c156971d467c3f62619d387535287c6057	066c144e37b35fdd4310cb623aa828c156971d467c3f62619d387535287c6057
sandbox/issue25-card/old/CHANGELOG.md	106757	0	97950cc4b3e7114e775e41ddeb9d5944e276db33e14b4380d50b554298263c40	97950cc4b3e7114e775e41ddeb9d5944e276db33e14b4380d50b554298263c40
sandbox/issue25-card/old/README.md	4163	0	07af0927b61a0ea65922fb02b55a57683299af3dfd16c9a966b583920bdedfc5	07af0927b61a0ea65922fb02b55a57683299af3dfd16c9a966b583920bdedfc5
sandbox/issue25-card/old/docs/00-ARCHITECTURE-GUARDRAILS-MANDATORY.md	9231	0	b5e608ea65922679006287399d8b483c7c489762e4981b974ca3fea95f026996	b5e608ea65922679006287399d8b483c7c489762e4981b974ca3fea95f026996
sandbox/issue25-card/old/docs/ARCHITECTURE_DECISIONS.md	36296	0	809b77ca787a2743cecbd5686cc5a54bdc2b49e0f529b397f571cbcb54e0bcfd	809b77ca787a2743cecbd5686cc5a54bdc2b49e0f529b397f571cbcb54e0bcfd
sandbox/issue25-card/old/docs/BEHAVIOR_MATRIX.md	12156	0	b065a71b258b137ead50d7c76201ec7f4c1e3b991eba2f7347f7840e74717f98	b065a71b258b137ead50d7c76201ec7f4c1e3b991eba2f7347f7840e74717f98
sandbox/issue25-card/old/docs/DETAILS.md	25011	0	4536fbd3dcf41b034bdfef34291926d0df9ac17e5ca0796934a46239e2434e4d	4536fbd3dcf41b034bdfef34291926d0df9ac17e5ca0796934a46239e2434e4d
sandbox/issue25-card/old/docs/DSH_CONTRACT_INVENTORY.md	12231	0	e9f135568b8004a8dd3714c53c394c97562476dded3f41cca6f1b55a7667c754	e9f135568b8004a8dd3714c53c394c97562476dded3f41cca6f1b55a7667c754
sandbox/issue25-card/old/docs/README.en.md	3784	0	8b0315d6b7d7fe97035a8396bf26f935720ef798af05e5cddcf5d815eeb5a252	8b0315d6b7d7fe97035a8396bf26f935720ef798af05e5cddcf5d815eeb5a252
sandbox/issue25-card/old/docs/SYSTEM_CAUSAL_MAP.md	44840	0	1e899505b4c20b231e4980942cd5571fef579a2c6b87c1bded6284c712a9c713	1e899505b4c20b231e4980942cd5571fef579a2c6b87c1bded6284c712a9c713
sandbox/issue25-card/old/docs/TEST-LAYERING-POLICY.md	9563	0	00d026813b6aca5660f9303934a1944b8a54684979077de91bbc716478f18fc4	00d026813b6aca5660f9303934a1944b8a54684979077de91bbc716478f18fc4
sandbox/issue25-card/old/docs/TESTING-GUARDRAILS.md	4851	0	a17a1f1cf462c64127ec9a3cd14005f2f62cc12128dee4b554a7f282b3f9157f	a17a1f1cf462c64127ec9a3cd14005f2f62cc12128dee4b554a7f282b3f9157f
sandbox/issue25-card/old/docs/refactor-static-mapping.md	8196	0	609f7700a274fc7e24e631cdfaa56022983b69630dad65749cc1d16d95dbf33a	609f7700a274fc7e24e631cdfaa56022983b69630dad65749cc1d16d95dbf33a
sandbox/issue25-card/old/docs/reviews/2026-08-28-quality-review.md	62331	0	3ebe962fe607c2b4579902f6107ef0a01e40bb39a319121f758df7ce87434ae0	3ebe962fe607c2b4579902f6107ef0a01e40bb39a319121f758df7ce87434ae0
sandbox/issue25-card/old/docs/sandbox-notes/DSH-LAB-README.md	2376	0	1876afec0121430353e4b20dd775fc041fa49f7d61935c08d0b6ffeff7f2a07f	1876afec0121430353e4b20dd775fc041fa49f7d61935c08d0b6ffeff7f2a07f
sandbox/issue25-card/old/docs/sandbox-notes/README.md	2591	0	4e05991f3530033021ada9f78b51ec24b9e4dcc1f2cd0ef821643bf9305cba64	4e05991f3530033021ada9f78b51ec24b9e4dcc1f2cd0ef821643bf9305cba64
sandbox/issue25-card/old/docs/sandbox-notes/SANDBOX-ROOT-README.md	2657	0	48d1dc3f3ef8ff5c46dcd86eefdf8616db16cdaa4a8b8d8ff5be97c0f1c17aa6	48d1dc3f3ef8ff5c46dcd86eefdf8616db16cdaa4a8b8d8ff5be97c0f1c17aa6
sandbox/issue25-card/old/docs/sandbox-notes/dsh-alpha2.txt	2175	0	0688a9785c8dcd81572d399993999b8f902cda921b6a885e7ca7d9aebb9193a3	0688a9785c8dcd81572d399993999b8f902cda921b6a885e7ca7d9aebb9193a3
sandbox/issue25-card/old/docs/sandbox-notes/issue24-regression.md	4230	0	7d09e11d4c54a83abc37449e1db3d4437cc8105a1a2bbb49e9dc3a5f8a8ae415	7d09e11d4c54a83abc37449e1db3d4437cc8105a1a2bbb49e9dc3a5f8a8ae415
sandbox/issue25-card/old/docs/sandbox-notes/issue25-wpnapps.md	5640	0	acf47b7ba818fddeb22fe9a070da811f7270c8fdf23c534331b08aebdf041906	acf47b7ba818fddeb22fe9a070da811f7270c8fdf23c534331b08aebdf041906
sandbox/issue25-card/old/docs/sandbox-notes/issue26.md	3711	0	4c4060936d78aaa17f10b2306f97cc9435a5cb3712472aa309760d6a0dcef411	4c4060936d78aaa17f10b2306f97cc9435a5cb3712472aa309760d6a0dcef411
sandbox/issue25-card/old/docs/sandbox-notes/notify-regression.md	5194	0	40148bd45d53f01a036fc87dd0734e098d39d720d579c9c66b7a55a297b24732	40148bd45d53f01a036fc87dd0734e098d39d720d579c9c66b7a55a297b24732
sandbox/issue25-card/old/docs/sandbox-notes/update-lab-scripts/README.md	3454	0	449a173b37f53d8ce006d2cc2fc18fa1703203475886729e0751bd07073a712b	449a173b37f53d8ce006d2cc2fc18fa1703203475886729e0751bd07073a712b
sandbox/issue25-card/old/docs/sandbox-notes/update-lab-scripts/lab.ps1	41714	0	a1aff14e85bf308159e824849202e0c3534f55709ed3c616c47bc1c4967f1791	a1aff14e85bf308159e824849202e0c3534f55709ed3c616c47bc1c4967f1791
sandbox/issue25-card/old/docs/sandbox-notes/update-lab-scripts/launch-resume.cmd	495	0	2da6e22a9db413b79796b50cd1968d080d6530fe9d7d10ee0386568a451ab0ad	2da6e22a9db413b79796b50cd1968d080d6530fe9d7d10ee0386568a451ab0ad
sandbox/issue25-card/old/docs/sandbox-notes/update-lab-scripts/reset-to-rc6.cmd	513	0	80d19e30a9aee55247526735d81b1427fc1b4b6e9f75f6de0fe77b8b55fc6571	80d19e30a9aee55247526735d81b1427fc1b4b6e9f75f6de0fe77b8b55fc6571
sandbox/issue25-card/old/docs/sandbox-notes/update-lab-scripts/start-rc6-and-launch.cmd	665	0	54805b49319cc3a2a3aeca36b067103195f41f46fd8b2047ea0f7115ca83a490	54805b49319cc3a2a3aeca36b067103195f41f46fd8b2047ea0f7115ca83a490
sandbox/issue25-card/old/docs/sandbox-notes/update-lab-scripts/status.cmd	264	0	0f79e5fe6d84c64445ad1d300d83aa0cf87a887ab94600268fa2dba03c8d85f7	0f79e5fe6d84c64445ad1d300d83aa0cf87a887ab94600268fa2dba03c8d85f7
sandbox/issue25-card/old/docs/sandbox-notes/version-info-demo.md	3292	0	4f980071654adf42ce7f5ae4d1a4d4854ade452c66d5de52d59b28771c994ebd	4f980071654adf42ce7f5ae4d1a4d4854ade452c66d5de52d59b28771c994ebd
sandbox/issue25-card/old/docs/scenarios/update-dsh.md	8185	0	8c5b25950738f2dfb8885f28c27439ddfb2a6ab0b6816fe242f09807859903bc	8c5b25950738f2dfb8885f28c27439ddfb2a6ab0b6816fe242f09807859903bc
sandbox/issue25-card/old/docs/testing-governance.md	32225	0	0d96910882c95dc79e688cb5165f77c0299720bc4acbbf5460cd9dfd934821e2	0d96910882c95dc79e688cb5165f77c0299720bc4acbbf5460cd9dfd934821e2
sandbox/issue25-card/old/scripts/Set-VirtualDisplay.ps1	6860	0	e794803619f0bddb85b242acbc4cb8ae2ba30e1cdc48f8af13cf78c89f1cde75	e794803619f0bddb85b242acbc4cb8ae2ba30e1cdc48f8af13cf78c89f1cde75
sandbox/issue25-card/old/scripts/build-portable.ps1	3705	0	c1cd673efad052d0f0504ceb6d29a45e6c4436cfad520087b74012fa052bd850	c1cd673efad052d0f0504ceb6d29a45e6c4436cfad520087b74012fa052bd850
sandbox/issue25-card/old/scripts/build-release.ps1	6279	0	254c8bdc91e9b5aa4b1e96ec8674ad014e0458b1d1521833fa9c1385876bc435	254c8bdc91e9b5aa4b1e96ec8674ad014e0458b1d1521833fa9c1385876bc435
sandbox/issue25-card/old/scripts/check-prereq.cmd	2605	0	7ea214f6261bfde431e6f594fda1bbda8bff9607c3f29824cb4b158e287de74b	7ea214f6261bfde431e6f594fda1bbda8bff9607c3f29824cb4b158e287de74b
sandbox/issue25-card/old/scripts/dsh-web.cmd	610	0	f27b95899645b3ba63b548c5945333b1676e2736a79e64cab247c0c49e788720	f27b95899645b3ba63b548c5945333b1676e2736a79e64cab247c0c49e788720
sandbox/issue25-card/old/scripts/e2e-test.ps1	38767	0	696b6afc36cc2ae17fb03da30f9cbbef8286a55d75ad28e2299d117654702741	696b6afc36cc2ae17fb03da30f9cbbef8286a55d75ad28e2299d117654702741
sandbox/issue25-card/old/scripts/install-virtual-display.ps1	10419	0	05d44df9d7f90d65acabff6d5bf80a207e19e5efc2378cd2d49d7a4c04602e56	05d44df9d7f90d65acabff6d5bf80a207e19e5efc2378cd2d49d7a4c04602e56
sandbox/issue25-card/old/scripts/monitor-update.ps1	769	0	8150df372db6cbe8890466e8fc62c3fd79d1eff75b7239aad9f18f046aa39363	8150df372db6cbe8890466e8fc62c3fd79d1eff75b7239aad9f18f046aa39363
sandbox/issue25-card/old/scripts/negative-test.ps1	17214	0	8042cad1f5b030e16123cffacfe16f4c98e0c1e448da6a35ce7c9026373d1775	8042cad1f5b030e16123cffacfe16f4c98e0c1e448da6a35ce7c9026373d1775
sandbox/issue25-card/old/scripts/start-dsh.cmd	708	0	7b1a611ff219381bed32b3a2067e4270f14437391dc2828f5989109744241519	7b1a611ff219381bed32b3a2067e4270f14437391dc2828f5989109744241519
sandbox/issue25-card/old/scripts/test-update-rc6.ps1	5637	0	08b965ec44a5c38fa74e1b949666daf3e326b3ca66c5204d441d88b402b205af	08b965ec44a5c38fa74e1b949666daf3e326b3ca66c5204d441d88b402b205af
sandbox/issue25-card/old/scripts/test.ps1	39183	0	65b002108736d13c8b82182393dc9277b4417cf4dd3f30db9bf3d23d9f2a014c	65b002108736d13c8b82182393dc9277b4417cf4dd3f30db9bf3d23d9f2a014c
sandbox/issue25-card/old/scripts/uninstall-autostart.cmd	4145	0	86d2408c65c7a98d933c73eb61147ea489e10dab4c1b95e3f68325d7c3520897	86d2408c65c7a98d933c73eb61147ea489e10dab4c1b95e3f68325d7c3520897
sandbox/issue25-card/old/scripts/update-drill.ps1	7810	0	2701a0d5fa45d1f1b910f0cafbf8b7560beb8dc2bd21ecbc33b14cc96867f002	2701a0d5fa45d1f1b910f0cafbf8b7560beb8dc2bd21ecbc33b14cc96867f002
sandbox/issue25-card/old/tests/DshShell.Tests/GoldenFiles/dsh/EvaluatePageProbe_fatalErrorPage.json	138	0	6c5e8f2463b45fca705e7abf1d9739a28df8528e91856d0bd331ad8d111eaa6f	6c5e8f2463b45fca705e7abf1d9739a28df8528e91856d0bd331ad8d111eaa6f
sandbox/issue25-card/old/tests/DshShell.Tests/GoldenFiles/dsh/EvaluatePageProbe_renderedConfigPage.json	246	0	1d10e1b50f480a226a3d02bfc6f221a528ec197f88aee0e9278a39e7f78c3078	1d10e1b50f480a226a3d02bfc6f221a528ec197f88aee0e9278a39e7f78c3078
sandbox/issue25-card/old/tests/DshShell.Tests/GoldenFiles/dsh/LogShowsStartupError_dshRuntimeEconnreset.log	231	0	6fe13f760860b16fa66c68d9a3609cc3b8f95e986bdb51e62824bed2c93fe580	6fe13f760860b16fa66c68d9a3609cc3b8f95e986bdb51e62824bed2c93fe580
sandbox/issue25-card/old/tests/DshShell.Tests/GoldenFiles/dsh/LogShowsStartupError_mixedSession.log	445	0	44b74203f5b07c418e4509ec444f118d1f0ad5d08fd4b6891fcb175099b1a4af	44b74203f5b07c418e4509ec444f118d1f0ad5d08fd4b6891fcb175099b1a4af
sandbox/issue25-card/old/tests/DshShell.Tests/GoldenFiles/dsh/LogShowsStartupError_npmErrServiceLine.log	187	0	416e8309746b460eec9711f6151517e35051eccb92fcf5562aa3cffbad95683c	416e8309746b460eec9711f6151517e35051eccb92fcf5562aa3cffbad95683c
sandbox/issue25-card/old/tests/DshShell.Tests/GoldenFiles/dsh/MatchBootErrorSignature_benignRuntimeWarn.log	200	0	9d96071e9d16b74f4208912f2dcfdc53ccb0f59dc66659dc27b5868667cdb240	9d96071e9d16b74f4208912f2dcfdc53ccb0f59dc66659dc27b5868667cdb240
sandbox/issue25-card/old/tests/DshShell.Tests/GoldenFiles/dsh/MatchBootErrorSignature_pluginFatalStderr.log	294	0	99af72435c775fb5600ef674ff9564baf529d67be0ccf94a56895ac96a97e09a	99af72435c775fb5600ef674ff9564baf529d67be0ccf94a56895ac96a97e09a
sandbox/issue25-card/old/tests/DshShell.Tests/GoldenFiles/dsh/ProbeVersionOutput_bannerOnly.txt	135	0	5da4e162f2359fce98ded4940f774ec57780fdbe1007a51ff2465714b0d492e0	5da4e162f2359fce98ded4940f774ec57780fdbe1007a51ff2465714b0d492e0
sandbox/issue25-card/old/tests/DshShell.Tests/GoldenFiles/dsh/ProbeVersionOutput_bannerPlusVersion.txt	93	0	3b3e3493aa573f989e3474851c3abfdec1f382fe55a6f1aa83359cd4d6ce93e0	3b3e3493aa573f989e3474851c3abfdec1f382fe55a6f1aa83359cd4d6ce93e0
sandbox/issue25-card/old/tests/DshShell.Tests/xunit.runner.json	153	0	3ab1f6284f736f28c6f1531dcdb9ef81f5f1879672d7a38e94bdfa7f24f9c2e6	3ab1f6284f736f28c6f1531dcdb9ef81f5f1879672d7a38e94bdfa7f24f9c2e6
sandbox/issue25-card/probe-dpi.ps1	1407	0	2b89b83b9b47edf4e3c5b3481df2723bfdc8e10047dea83674930cc042bb4108	2b89b83b9b47edf4e3c5b3481df2723bfdc8e10047dea83674930cc042bb4108
sandbox/issue25-card/probe-dpi2.ps1	735	0	6d0e7d312fb72d2fcd0b92a4dfa42c68e1338b9dee297cab785fdee81bc50212	6d0e7d312fb72d2fcd0b92a4dfa42c68e1338b9dee297cab785fdee81bc50212
sandbox/issue25-card/probe-param.ps1	202	0	a11e29577264c38e4af269dad32f529e61ff4c849f9b725f55e5268030d06568	a11e29577264c38e4af269dad32f529e61ff4c849f9b725f55e5268030d06568
sandbox/issue25-card/probe-wpnapps.ps1	3969	0	3ded8a7669aa2e74d75ddf319873c0d0a4faaad512f749fab5a5937471bf3783	3ded8a7669aa2e74d75ddf319873c0d0a4faaad512f749fab5a5937471bf3783
sandbox/issue25-card/probe-wpnapps2.ps1	3952	0	d4086e0aca8e09eee24186767300446dc14f15593b74fd3efb8c1941da23bdde	d4086e0aca8e09eee24186767300446dc14f15593b74fd3efb8c1941da23bdde
sandbox/issue25-card/staging/dedupe-requests.log	306	0	d412807e8e78de1a24d46cf69f33b544601e17c1a964f8e806cd6b08d919a519	d412807e8e78de1a24d46cf69f33b544601e17c1a964f8e806cd6b08d919a519
sandbox/issue25-card/staging/default-requests.log	306	0	d412807e8e78de1a24d46cf69f33b544601e17c1a964f8e806cd6b08d919a519	d412807e8e78de1a24d46cf69f33b544601e17c1a964f8e806cd6b08d919a519
sandbox/issue25-card/staging/forcetoast-requests.log	255	0	0f3ce3999dddb3d2599d463d81ff1311feb1c6d64d681ed538eecea43f53c11b	0f3ce3999dddb3d2599d463d81ff1311feb1c6d64d681ed538eecea43f53c11b
sandbox/issue25-card/staging/probe-requests.log	193	0	075c3c6cd98a136ea943e3b27ca1dab02d08c1481461977aec4055f98688c40e	075c3c6cd98a136ea943e3b27ca1dab02d08c1481461977aec4055f98688c40e
sandbox/issue25-card/staging/probe2-requests.log	5098	0	eff07831d8c3a7a4b15f96a68fbff641b352e9784f94a9e9265b19a6387b0e24	eff07831d8c3a7a4b15f96a68fbff641b352e9784f94a9e9265b19a6387b0e24
sandbox/issue25-card/staging/safemode-requests.log	255	0	0f3ce3999dddb3d2599d463d81ff1311feb1c6d64d681ed538eecea43f53c11b	0f3ce3999dddb3d2599d463d81ff1311feb1c6d64d681ed538eecea43f53c11b
sandbox/issue25-card/staging/shot.ps1	2481	0	a3dd1756be27e6cc6a962db778d266d002663485ccfdde43b7e4ece7de44d0f2	a3dd1756be27e6cc6a962db778d266d002663485ccfdde43b7e4ece7de44d0f2
sandbox/issue25-card/staging/shot2.ps1	2634	0	0dbcd263b5a2ceef7488aa5197222afed62e1068f003368ec3a559d544d7982b	0dbcd263b5a2ceef7488aa5197222afed62e1068f003368ec3a559d544d7982b
sandbox/issue25-card/staging/webnotify-requests.log	306	0	d412807e8e78de1a24d46cf69f33b544601e17c1a964f8e806cd6b08d919a519	d412807e8e78de1a24d46cf69f33b544601e17c1a964f8e806cd6b08d919a519
sandbox/issue28-reply.md	6365	0	4fea7c916397b160cf47958e6126030cd08234b36c3a80b9f0f38c67bb6c5691	4fea7c916397b160cf47958e6126030cd08234b36c3a80b9f0f38c67bb6c5691
sandbox/probe.txt	2	0	73cb3858a687a8494ca3323053016282f3dad39d42cf62ca4e79dda2aac7d9ac	73cb3858a687a8494ca3323053016282f3dad39d42cf62ca4e79dda2aac7d9ac
sandbox/realcheck-issue28.log	142	0	c3afde88eb524cd4374879a396029dfa2813bb8237c7656df5ef4c8dee5ca071	c3afde88eb524cd4374879a396029dfa2813bb8237c7656df5ef4c8dee5ca071
sandbox/realcheck-issue28.ps1	7641	0	27bc8362b38b42f22703d7988a49a0687a934a9e7e606f902a9d6a374e6b31ce	27bc8362b38b42f22703d7988a49a0687a934a9e7e606f902a9d6a374e6b31ce
sandbox/realos-ci-detail.patch	1830	0	913f76a16adbdc0dbc7e4dd1e96d0664c736f635769a8d57e16136f329882623	913f76a16adbdc0dbc7e4dd1e96d0664c736f635769a8d57e16136f329882623
sandbox/realos-log-extract-selfcheck.ps1	1295	0	a386ffe3496cd7e50b492b980c53c3c73b9efae64a71cad100e9ea876c7c0688	a386ffe3496cd7e50b492b980c53c3c73b9efae64a71cad100e9ea876c7c0688
sandbox/staged-realnet.log	19891	6	361e8c119b3e8cce90b1ecb9f87d0bf8ef1e8bb2e2adc5bcdd96bf0bbb865e25	39ea6883a8dba8545cd148eaa42f6f3a390495d1d9090a639ced30cca4c0c5d2
sandbox/staged-realnet2.log	19910	6	2ee37690c71563c92e9111a5ed3fd9dc6d32967727124dfad95c00911d8073a5	66d2724d80ff4995349ac725964a4be77bfbf7cef200f5e3707614d62cd1fa47
sandbox/staged-realnet3.log	19589	6	890f2c473073744913308ecfdf32622a3a48405394457af3859a0c2dbf72ce3b	6d81f948cff1e3fba4fb78a4007604176609ac545b425338aa57c43e4ca61982
sandbox/staged-realnet4.log	18828	6	68823f49d674e0f2d7979dcaf06d12cefe4042c227637ae33417f4ab270c5ff2	e08972cd7202858ba31186977799aa9c609d205a4886b4be81f44702fe19f46b
sandbox/test-e2e.log	10120	6	ec8abbd0cdb14f71c36ea42281281d033c5b261ad0ece3240cc9d55b2f5cfc2f	393b0b205d66ef895c5d09a79adacc8fe7e71bcb519f874647ee9df5e54c2e36
sandbox/test-unit.log	10170	6	c5b3d1d31899b6adda1c84dffaf65eca98fab15c43be197b1ce704ad5ab8f7f8	f33407384b66c8e34e17cf4f319ef87a219089418a0b56b7328f7565393d31a6
sandbox/testps1.log	57901	6	63c1dddfc09d0e6bae4c56b7dea9f49141ac02cbc5b8c3e1ea89d5c72bf5e947	97042aeda012d0952084206e0c9067f22a0c0ed8c4ea575364dc46ee55498162
sandbox/tray-render/README.md	3396	0	fc78979d8cb03c5e0d296e7749a0680afbd0f3a0f905efc3875adff9893d336c	fc78979d8cb03c5e0d296e7749a0680afbd0f3a0f905efc3875adff9893d336c
sandbox/uiselftest.log	343	0	3b5a20f5f09f21f941c0250a5c1be0fd1e0385f0f7d8cd359e8f61269a8cf9fe	3b5a20f5f09f21f941c0250a5c1be0fd1e0385f0f7d8cd359e8f61269a8cf9fe
sandbox/update-drill-augbaseline.log	534	0	4d12a34c34fa3e160d5b566be2e6f2b107cf335ad70df7c8ef4b5c715d4fd836	4d12a34c34fa3e160d5b566be2e6f2b107cf335ad70df7c8ef4b5c715d4fd836
sandbox/update-drill-t6.log	773	2	985cf69ed0bf3b40b0b2923d4b62f0a874a9a2d9c2ad8a2077eb9d9b548584c7	d4e13bebf28a0a95fc28535d21ea283d5ab2dcba819c43ada44a7a1825d8e571
sandbox/update-drill-t6b.log	522	0	56c88384084f8d229e431fa073adbcf07300355b0a71c9f162112bf02ef35868	56c88384084f8d229e431fa073adbcf07300355b0a71c9f162112bf02ef35868
sandbox/update-rollback/drill-run-2.log	414	0	a341abd73f8cba0edd1af17c4981dd491dc4698b93159cb2b8668ef4a486dda3	a341abd73f8cba0edd1af17c4981dd491dc4698b93159cb2b8668ef4a486dda3
sandbox/update-rollback/drill-run-3.log	2766	0	dcd862cf89b03f0f2ed5179ba9b68a52700e69bf131f79baac3db1e3450b2964	dcd862cf89b03f0f2ed5179ba9b68a52700e69bf131f79baac3db1e3450b2964
sandbox/update-rollback/drill-run-4.log	385	0	5f7365bb0b0f0775c4596ae336aceadfc855b5646c332b2dc8fb4979c1135c59	5f7365bb0b0f0775c4596ae336aceadfc855b5646c332b2dc8fb4979c1135c59
sandbox/update-rollback/guard-arm-drill.ps1	6666	0	38fddc414cabbdd2ac15fd71683c86d24a5c04b6df7f3c564502d575c373671d	38fddc414cabbdd2ac15fd71683c86d24a5c04b6df7f3c564502d575c373671d
sandbox/update-rollback/rollback-e2e-drill.ps1	11527	0	cc5752ce6b6e9dfec0422c3374f55f45cd0608f779c78aaa528a285eee3ee073	cc5752ce6b6e9dfec0422c3374f55f45cd0608f779c78aaa528a285eee3ee073
